{"cameraMode":{"drawMode":0,"name":"Shaded","section":"Shading Mode"},"sceneLighting":false,"audioPlay":false,"sceneViewState":{"showFog":true,"showMaterialUpdate":true,"showSkybox":false,"showFlares":true,"showImageEffects":true,"showParticleSystems":true},"in2DMode":false,"pivot":{"x":-3.930790901184082,"y":0.7570099830627441,"z":9.540760040283204},"rotation":{"x":0.0374734103679657,"y":-0.9418916702270508,"z":0.11718972772359848,"w":0.3133366107940674},"size":18.391448974609376,"orthographic":false}