{"cameraMode":{"drawMode":0,"name":"Shaded","section":"Shading Mode"},"sceneLighting":true,"audioPlay":false,"sceneViewState":{"showFog":true,"showMaterialUpdate":true,"showSkybox":true,"showFlares":true,"showImageEffects":true,"showParticleSystems":true},"in2DMode":false,"pivot":{"x":-1.003809928894043,"y":3.487639904022217,"z":6.699132919311523},"rotation":{"x":-0.12227530777454376,"y":-0.12224506586790085,"z":0.013660713098943234,"w":-0.9850873947143555},"size":8.818066596984864,"orthographic":false}