{"cameraMode":{"drawMode":0,"name":"Shaded","section":"Shading Mode"},"sceneLighting":false,"audioPlay":false,"sceneViewState":{"showFog":true,"showMaterialUpdate":true,"showSkybox":false,"showFlares":true,"showImageEffects":true,"showParticleSystems":true},"in2DMode":false,"pivot":{"x":499.3325500488281,"y":299.0000305175781,"z":0.04964926838874817},"rotation":{"x":-0.002864076057448983,"y":0.9653105139732361,"z":-0.2612554132938385,"w":-0.010995685122907162},"size":582.8338623046875,"orthographic":false}