{"cameraMode":{"drawMode":0,"name":"Shaded","section":"Shading Mode"},"sceneLighting":false,"audioPlay":false,"sceneViewState":{"showFog":true,"showMaterialUpdate":true,"showSkybox":false,"showFlares":true,"showImageEffects":true,"showParticleSystems":true},"in2DMode":false,"pivot":{"x":-13.31431770324707,"y":4.018774509429932,"z":8.704521179199219},"rotation":{"x":0.0374734103679657,"y":-0.9418916702270508,"z":0.11718972772359848,"w":0.3133366107940674},"size":29.996784210205079,"orthographic":false}