{"cameraMode":{"drawMode":0,"name":"Shaded","section":"Shading Mode"},"sceneLighting":false,"audioPlay":false,"sceneViewState":{"showFog":false,"showMaterialUpdate":false,"showSkybox":false,"showFlares":false,"showImageEffects":false,"showParticleSystems":false},"in2DMode":false,"pivot":{"x":13.032942771911621,"y":1.0099999904632569,"z":-24.56894302368164},"rotation":{"x":-0.014654599130153656,"y":-0.9807335734367371,"z":0.061630938202142718,"w":-0.18620184063911439},"size":0.12990416586399079,"orthographic":false}