{"cameraMode":{"drawMode":0,"name":"Shaded","section":"Shading Mode"},"sceneLighting":false,"audioPlay":false,"sceneViewState":{"showFog":false,"showMaterialUpdate":false,"showSkybox":false,"showFlares":false,"showImageEffects":false,"showParticleSystems":false},"in2DMode":false,"pivot":{"x":0.5070000290870667,"y":0.5630000233650208,"z":-0.29899999499320986},"rotation":{"x":-0.09029760211706162,"y":0.8083680272102356,"z":-0.13409848511219026,"w":-0.5665135383605957},"size":10.0,"orthographic":false}