{"cameraMode":{"drawMode":0,"name":"Shaded","section":"Shading Mode"},"sceneLighting":false,"audioPlay":false,"sceneViewState":{"showFog":false,"showMaterialUpdate":false,"showSkybox":false,"showFlares":false,"showImageEffects":false,"showParticleSystems":false},"in2DMode":false,"pivot":{"x":10.84006404876709,"y":-2.1952672004699709,"z":-19.352190017700197},"rotation":{"x":0.24057909846305848,"y":0.5807406306266785,"z":-0.176790252327919,"w":0.7579900622367859},"size":7.353636264801025,"orthographic":false}