{"cameraMode":{"drawMode":0,"name":"Shaded","section":"Shading Mode"},"sceneLighting":false,"audioPlay":false,"sceneViewState":{"showFog":true,"showMaterialUpdate":true,"showSkybox":false,"showFlares":true,"showImageEffects":true,"showParticleSystems":true},"in2DMode":false,"pivot":{"x":1.1435775756835938,"y":0.39642810821533205,"z":-0.9808778762817383},"rotation":{"x":0.0374734103679657,"y":-0.9418916702270508,"z":0.11718972772359848,"w":0.3133366107940674},"size":9.96803092956543,"orthographic":false}