{"cameraMode":{"drawMode":0,"name":"Shaded","section":"Shading Mode"},"sceneLighting":false,"audioPlay":false,"sceneViewState":{"showFog":true,"showMaterialUpdate":true,"showSkybox":false,"showFlares":true,"showImageEffects":true,"showParticleSystems":true},"in2DMode":false,"pivot":{"x":-1.2320919036865235,"y":0.8520305156707764,"z":63.029457092285159},"rotation":{"x":0.0374734103679657,"y":-0.9418916702270508,"z":0.11718972772359848,"w":0.3133366107940674},"size":13.557234764099121,"orthographic":false}