{"cameraMode":{"drawMode":0,"name":"Shaded","section":"Shading Mode"},"sceneLighting":false,"audioPlay":false,"sceneViewState":{"showFog":false,"showMaterialUpdate":false,"showSkybox":false,"showFlares":false,"showImageEffects":false,"showParticleSystems":false},"in2DMode":false,"pivot":{"x":5.943338394165039,"y":-5.9389190673828129,"z":3.324641227722168},"rotation":{"x":-0.26250335574150088,"y":0.7012012004852295,"z":-0.3386383056640625,"w":-0.5707341432571411},"size":36.41043472290039,"orthographic":false}