{"cameraMode":{"drawMode":0,"name":"Shaded","section":"Shading Mode"},"sceneLighting":false,"audioPlay":false,"sceneViewState":{"showFog":false,"showMaterialUpdate":false,"showSkybox":false,"showFlares":false,"showImageEffects":false,"showParticleSystems":false},"in2DMode":false,"pivot":{"x":0.1529083400964737,"y":0.35543426871299746,"z":-0.008153742179274559},"rotation":{"x":-0.055027641355991366,"y":-0.929467499256134,"z":0.13271041214466096,"w":-0.34118610620498659},"size":0.38739627599716189,"orthographic":false}