{"cameraMode":{"drawMode":0,"name":"Shaded","section":"Shading Mode"},"sceneLighting":false,"audioPlay":false,"sceneViewState":{"showFog":false,"showMaterialUpdate":false,"showSkybox":false,"showFlares":false,"showImageEffects":false,"showParticleSystems":false},"in2DMode":false,"pivot":{"x":8.996685028076172,"y":0.3275456428527832,"z":-5.45513916015625},"rotation":{"x":0.24057909846305848,"y":0.5807406306266785,"z":-0.176790252327919,"w":0.7579900622367859},"size":4.766025543212891,"orthographic":false}