{"cameraMode":{"drawMode":0,"name":"Shaded","section":"Shading Mode"},"sceneLighting":false,"audioPlay":false,"sceneViewState":{"showFog":false,"showMaterialUpdate":false,"showSkybox":false,"showFlares":false,"showImageEffects":false,"showParticleSystems":false},"in2DMode":false,"pivot":{"x":-4.5332159996032719,"y":-3.3308832805668966e-17,"z":15.000964164733887},"rotation":{"x":-0.008427365683019162,"y":-0.9954735040664673,"z":0.022104499861598016,"w":-0.09628037363290787},"size":10.854044914245606,"orthographic":false}