{"cameraMode":{"drawMode":0,"name":"Shaded","section":"Shading Mode"},"sceneLighting":false,"audioPlay":false,"sceneViewState":{"showFog":false,"showMaterialUpdate":false,"showSkybox":false,"showFlares":false,"showImageEffects":false,"showParticleSystems":false},"in2DMode":false,"pivot":{"x":612.6904296875,"y":295.8900146484375,"z":-11.257088661193848},"rotation":{"x":0.0961051657795906,"y":-0.8511320352554321,"z":0.1822042614221573,"w":0.48366957902908327},"size":683.8460083007813,"orthographic":false}