{"cameraMode":{"drawMode":0,"name":"Shaded","section":"Shading Mode"},"sceneLighting":true,"audioPlay":false,"sceneViewState":{"showFog":true,"showMaterialUpdate":true,"showSkybox":true,"showFlares":true,"showImageEffects":true,"showParticleSystems":true},"in2DMode":false,"pivot":{"x":-2.1588404178619386,"y":1.0868868827819825,"z":43.857975006103519},"rotation":{"x":0.27819058299064639,"y":-0.5306692719459534,"z":0.1904284507036209,"w":0.7778335213661194},"size":0.4629819393157959,"orthographic":false}