{"cameraMode":{"drawMode":0,"name":"Shaded","section":"Shading Mode"},"sceneLighting":true,"audioPlay":false,"sceneViewState":{"showFog":false,"showMaterialUpdate":false,"showSkybox":false,"showFlares":false,"showImageEffects":false,"showParticleSystems":false},"in2DMode":false,"pivot":{"x":0.19006463885307313,"y":0.21268530189990998,"z":0.3552912771701813},"rotation":{"x":-0.17931625247001649,"y":-0.04774027690291405,"z":0.005652789957821369,"w":-0.9828879237174988},"size":2.8364834785461427,"orthographic":false}