{"cameraMode":{"drawMode":0,"name":"Shaded","section":"Shading Mode"},"sceneLighting":false,"audioPlay":false,"sceneViewState":{"showFog":false,"showMaterialUpdate":false,"showSkybox":false,"showFlares":false,"showImageEffects":false,"showParticleSystems":false},"in2DMode":false,"pivot":{"x":-5.759993553161621,"y":0.9583878517150879,"z":-16.833736419677736},"rotation":{"x":-0.072899229824543,"y":-0.9313691258430481,"z":0.28211838006973269,"w":-0.22046251595020295},"size":13.770271301269532,"orthographic":false}