{"cameraMode":{"drawMode":0,"name":"Shaded","section":"Shading Mode"},"sceneLighting":false,"audioPlay":false,"sceneViewState":{"showFog":true,"showMaterialUpdate":true,"showSkybox":false,"showFlares":true,"showImageEffects":true,"showParticleSystems":true},"in2DMode":false,"pivot":{"x":612.43212890625,"y":304.0,"z":0.7479813098907471},"rotation":{"x":-0.0022160273510962726,"y":-0.9855903387069702,"z":0.17050746083259583,"w":-0.002684288891032338},"size":684.4845581054688,"orthographic":false}