{"cameraMode":{"drawMode":0,"name":"Shaded","section":"Shading Mode"},"sceneLighting":false,"audioPlay":false,"sceneViewState":{"showFog":false,"showMaterialUpdate":false,"showSkybox":false,"showFlares":false,"showImageEffects":false,"showParticleSystems":false},"in2DMode":false,"pivot":{"x":2.2800068855285646,"y":0.9629390239715576,"z":-4.878489971160889},"rotation":{"x":-0.011221660301089287,"y":-0.9753308296203613,"z":0.22151733934879304,"w":-0.022378217428922654},"size":3.3858420848846437,"orthographic":false}