{"cameraMode":{"drawMode":0,"name":"Shaded","section":"Shading Mode"},"sceneLighting":false,"audioPlay":false,"sceneViewState":{"showFog":false,"showMaterialUpdate":false,"showSkybox":false,"showFlares":false,"showImageEffects":false,"showParticleSystems":false},"in2DMode":false,"pivot":{"x":650.5999755859375,"y":209.8000030517578,"z":0.0},"rotation":{"x":-0.042324695736169818,"y":-0.06478717923164368,"z":-0.0037902144249528648,"w":-0.9974552392959595},"size":248.7877655029297,"orthographic":false}