{"cameraMode":{"drawMode":0,"name":"Shaded","section":"Shading Mode"},"sceneLighting":false,"audioPlay":false,"sceneViewState":{"showFog":true,"showMaterialUpdate":true,"showSkybox":false,"showFlares":true,"showImageEffects":true,"showParticleSystems":true},"in2DMode":false,"pivot":{"x":502.7907409667969,"y":304.0000305175781,"z":0.0},"rotation":{"x":0.05233409255743027,"y":-0.26636332273483279,"z":0.014422823674976826,"w":0.962395966053009},"size":588.5105590820313,"orthographic":false}