{"cameraMode":{"drawMode":0,"name":"Shaded","section":"Shading Mode"},"sceneLighting":false,"audioPlay":false,"sceneViewState":{"showFog":false,"showMaterialUpdate":false,"showSkybox":false,"showFlares":false,"showImageEffects":false,"showParticleSystems":false},"in2DMode":false,"pivot":{"x":0.00001138448715209961,"y":0.9629387855529785,"z":-16.801956176757814},"rotation":{"x":-0.19478298723697663,"y":-0.4801214635372162,"z":0.10299888253211975,"w":-0.8496471047401428},"size":1.375402569770813,"orthographic":false}