{"cameraMode":{"drawMode":0,"name":"Shaded","section":"Shading Mode"},"sceneLighting":false,"audioPlay":false,"sceneViewState":{"showFog":false,"showMaterialUpdate":false,"showSkybox":false,"showFlares":false,"showImageEffects":false,"showParticleSystems":false},"in2DMode":false,"pivot":{"x":16.35637855529785,"y":9.215002059936524,"z":-5.192747116088867},"rotation":{"x":-0.20508240163326264,"y":0.7084989547729492,"z":-0.24001498520374299,"w":-0.631928563117981},"size":86.91414642333985,"orthographic":false}