{"cameraMode":{"drawMode":0,"name":"Shaded","section":"Shading Mode"},"sceneLighting":false,"audioPlay":false,"sceneViewState":{"showFog":false,"showMaterialUpdate":false,"showSkybox":false,"showFlares":false,"showImageEffects":false,"showParticleSystems":false},"in2DMode":false,"pivot":{"x":-3.0299999713897707,"y":3.9600000381469728,"z":-4.480000019073486},"rotation":{"x":0.048200130462646487,"y":0.9588161110877991,"z":-0.20600828528404237,"w":0.19194789230823518},"size":0.8660253882408142,"orthographic":false}