{"cameraMode":{"drawMode":0,"name":"Shaded","section":"Shading Mode"},"sceneLighting":false,"audioPlay":false,"sceneViewState":{"showFog":false,"showMaterialUpdate":false,"showSkybox":false,"showFlares":false,"showImageEffects":false,"showParticleSystems":false},"in2DMode":false,"pivot":{"x":4.612666130065918,"y":6.888542652130127,"z":3.059138774871826},"rotation":{"x":-0.09594158828258515,"y":0.8781414031982422,"z":-0.41614753007888796,"w":-0.2178596705198288},"size":3.9808146953582765,"orthographic":false}