{"cameraMode":{"drawMode":0,"name":"Shaded","section":"Shading Mode"},"sceneLighting":false,"audioPlay":false,"sceneViewState":{"showFog":false,"showMaterialUpdate":false,"showSkybox":false,"showFlares":false,"showImageEffects":false,"showParticleSystems":false},"in2DMode":false,"pivot":{"x":6.75935173034668,"y":-3.6818220615386965,"z":-7.968801975250244},"rotation":{"x":0.16720382869243623,"y":0.522706925868988,"z":-0.09822148084640503,"w":0.830731213092804},"size":8.831189155578614,"orthographic":false}